{"cameraMode":{"drawMode":2,"name":"Shaded Wireframe","section":"Shading Mode"},"sceneLighting":false,"audioPlay":false,"sceneViewState":{"showFog":false,"showMaterialUpdate":false,"showSkybox":false,"showFlares":false,"showImageEffects":false,"showParticleSystems":false},"in2DMode":false,"pivot":{"x":0.023414036259055139,"y":1.2482457160949708,"z":-0.035522446036338809},"rotation":{"x":-0.0007235405500978231,"y":0.9979566335678101,"z":-0.011477039195597172,"w":-0.06285247206687927},"size":0.5014063715934753,"orthographic":true}