{"cameraMode":{"drawMode":2,"name":"Shaded Wireframe","section":"Shading Mode"},"sceneLighting":false,"audioPlay":false,"sceneViewState":{"showFog":false,"showMaterialUpdate":false,"showSkybox":false,"showFlares":false,"showImageEffects":false,"showParticleSystems":false},"in2DMode":false,"pivot":{"x":2.484107494354248,"y":17.852720260620118,"z":-2.5326461791992189},"rotation":{"x":-0.00009933682304108515,"y":0.9997855424880981,"z":0.02010032720863819,"w":0.004984309431165457},"size":93.08045959472656,"orthographic":false}