{"cameraMode":{"drawMode":0,"name":"Shaded","section":"Shading Mode"},"sceneLighting":false,"audioPlay":false,"sceneViewState":{"showFog":true,"showMaterialUpdate":false,"showSkybox":true,"showFlares":true,"showImageEffects":true,"showParticleSystems":true},"in2DMode":false,"pivot":{"x":22.238779067993165,"y":-6.887507915496826,"z":-13.168033599853516},"rotation":{"x":0.17365968227386475,"y":0.24559184908866883,"z":-0.044770658016204837,"w":0.9526398181915283},"size":22.0,"orthographic":false}