{"cameraMode":{"drawMode":2,"name":"Shaded Wireframe","section":"Shading Mode"},"sceneLighting":false,"audioPlay":false,"sceneViewState":{"showFog":false,"showMaterialUpdate":false,"showSkybox":false,"showFlares":false,"showImageEffects":false,"showParticleSystems":false},"in2DMode":false,"pivot":{"x":-8.35042953491211,"y":0.6184120178222656,"z":-18.053152084350587},"rotation":{"x":-0.2082664966583252,"y":0.5296562314033508,"z":-0.13603489100933076,"w":-0.8109154105186462},"size":2.8578836917877199,"orthographic":false}