{"cameraMode":{"drawMode":2,"name":"Shaded Wireframe","section":"Shading Mode"},"sceneLighting":true,"audioPlay":false,"sceneViewState":{"showFog":false,"showMaterialUpdate":false,"showSkybox":false,"showFlares":false,"showImageEffects":false,"showParticleSystems":false},"in2DMode":false,"pivot":{"x":4.06488037109375,"y":0.08289718627929688,"z":8.396074295043946},"rotation":{"x":0.3307686746120453,"y":-0.34505683183670046,"z":0.13142003118991853,"w":0.8684795498847961},"size":26.285388946533204,"orthographic":false}